<!-- Colors Configuration | Allows declaration of color variables used for printing to console window -->
<?xml version="1.0" encoding="UTF-8"?>

<root>

<Primary>
	<Red>0;31</Red>
	<Green>0;32</Green>
	<Blue>0;34</Blue>
	<Yellow>1;33</Yellow>
	<Orange>0;33</Orange>
	<Purple>0;35</Purple>
	<Cyan>0;36</Cyan>
</Primary>

<Grayscale>
	<Black>0;30</Black>
	<Dark_Gray>1;30</Dark_Gray>
	<Light_Gray>0;37</Light_Gray>
	<White>1;37</White>
</Grayscale>

<Shades>
	<Light_Red>1;31</Light_Red>
	<Light_Green>1;32</Light_Green>
	<Light_Blue>1;34</Light_Blue>
	<Light_Purple>1;35</Light_Purple>
	<Light_Cyan>1;36</Light_Cyan>
	<No_Color>0</No_Color>
</Shades>

<Customs>		<!-- Set an RGB or Hex color combination [WIP] -->

	<CustomA>0</CustomA>
	<CustomB>0</CustomB>
	<CustomC>0</CustomC>
	
	<Hex>000000</Hex>

</Customs>

</root>